{"cameraMode":{"drawMode":0,"name":"Shaded","section":"Shading Mode"},"sceneLighting":true,"audioPlay":false,"sceneViewState":{"m_AlwaysRefresh":false,"showFog":true,"showSkybox":true,"showFlares":true,"showImageEffects":true,"showParticleSystems":true,"showVisualEffectGraphs":true,"m_FxEnabled":true},"in2DMode":false,"pivot":{"x":-51.961448669433597,"y":-9.291789054870606,"z":16.157325744628908},"rotation":{"x":-0.14789481461048127,"y":0.11218953132629395,"z":-0.016884973272681237,"w":-0.9824804067611694},"size":28.60043716430664,"orthographic":false}