{"cameraMode":{"drawMode":0,"name":"Shaded","section":"Shading Mode"},"sceneLighting":true,"audioPlay":false,"sceneViewState":{"m_AlwaysRefresh":false,"showFog":true,"showSkybox":true,"showFlares":true,"showImageEffects":true,"showParticleSystems":true,"showVisualEffectGraphs":true,"m_FxEnabled":true},"in2DMode":false,"pivot":{"x":-0.03368377685546875,"y":0.40497612953186037,"z":-0.09335613250732422},"rotation":{"x":-0.03078385442495346,"y":0.9414069652557373,"z":-0.08952279388904572,"w":-0.32371726632118227},"size":2.666025161743164,"orthographic":false}